pk,name,description,doc_type,par,task_group,task_group_url,doc_format,doc_version,baseline,order,par_date,par_expiry,initial_wg_ballot,recirc_wg_ballot,sb_form_date,sb_formed,initial_sb_ballot,recirc_sb_ballot,mec_date,mec_completed,wg_approval_date,ec_approval_date,revcom_approval_date,ansi_approval_date,withdrawn_date,withdrawn,history,wg_approved,ec_approved,published
111,802.11-1997,IEEE Standard for Wireless LAN Medium Access Control MAC and Physical Layer PHY Specifications,STD,,MAC/PHY,,N/A,,,1,1991-03-21,,,,,False,,,,True,,,1997-06-26,,1999-07-15,True,,True,True,True
128,802.11a-1999,Higher Speed PHY Extension in the 5GHz Band,A,,TGa,,N/A,,130,1,1997-09-16,,1998-11-27,1999-02-02,,True,1999-04-01,1999-06-01,,True,,,1999-09-16,2000-02-04,,True,,True,True,True
126,802.11c-1998,Media Access Control MAC Bridges - Supplement for Support by IEEE 802.11,A,,TGc,,N/A,,,1,1997-12-09,,,,,True,,,,True,,,1998-09-16,2000-02-04,,False,,True,True,True
127,802.11b-1999,Higher Speed PHY Extension in the 2.4 GHz Band,A,,TGb,,N/A,,130,2,1997-12-09,,1998-09-30,1998-11-27,,False,1999-04-01,1999-06-01,,True,,,1999-09-16,,,True,,True,True,True
130,802.11-1999,Part II Wireless LAN Medium Access Control MAC and Physical Layer PHY Specifications,STD,,MAC/PHY,,N/A,,,0,1997-12-09,,,,,True,,,,True,,,1999-03-18,1999-07-15,2005-09-30,True,,True,True,True
125,802.11d-2001,Operation in Additional Regulatory Domains,A,,TGd,,N/A,,130,3,1999-06-26,,1999-11-27,2000-03-27,2001-11-29,True,2001-01-31,2001-04-03,,True,,,2001-06-14,2001-10-25,,True,,True,True,True
343,802.11b Cor1-2001,Corrigenda to IEEE 802.11b-1999,COR,,TGb-Cor1,,,,130,2,1999-11-27,,2000-01-01,2000-10-18,,True,,,,True,,,2001-10-10,2002-01-30,,True,,True,True,True
124,802.11e-2005,MAC Enhancements QoS,A,,TGe,,N/A,,130,8,2000-03-30,,2001-04-05,2003-08-01,2003-08-15,False,2004-04-07,2004-08-06,,True,2005-07-22,2005-07-22,2005-09-22,,,True,,True,True,True
129,802.11f-2003,Inter-Access Point Protocol Across Distribution Systems Supporting IEEE 802.11 Operation,RP,,TGf,,N/A,,,1,2000-03-30,,2001-04-05,2002-05-08,2002-07-27,True,2002-09-18,2002-12-04,,True,,,2003-06-12,,2006-02-03,True,,True,True,True
123,802.11g-2003,Further Higher Data Rate Extension in the 2.4 GHz Band,A,,TGg,,N/A,,130,4,2000-09-21,,2002-01-31,2002-10-17,2002-07-25,True,2003-02-06,2003-03-25,,True,,,2003-06-12,2003-10-20,,True,,True,True,True
122,802.11h-2003,Spectrum and Transmit Power Management Extensions in the 5 GHz Band in Europe,A,,TGh,,N/A,,130,5,2000-12-07,,2001-07-25,2002-07-23,2002-07-25,True,2002-12-12,2003-04-15,,True,,,2003-09-11,2003-12-29,,True,,True,True,True
121,802.11i-2004,MAC Security Enhancements,A,,TGi,,N/A,,130,6,2001-05-30,,2001-04-05,2003-05-22,2003-08-10,True,2003-11-20,2004-02-26,,True,,,2004-06-24,2005-02-14,,True,,True,True,True
119,802.11k-2008,Radio Resource Measurement,A,,TGk,,N/A,,59,1,2002-12-11,,2004-08-02,2006-03-16,2005-11-14,False,2007-07-11,2007-09-24,2007-04-10,True,,,2008-05-09,,,False,,True,True,True
120,802.11j-2004,4.9 GHz-5 GHz Operation in Japan,A,,TGj,,N/A,,130,7,2002-12-11,,2003-04-01,2004-02-04,2004-05-13,True,2004-06-02,2004-07-30,,True,,,2004-09-23,2005-02-02,,True,,True,True,True
59,802.11-2007,802.11 Standard Maintenance  Revision,STD,,TGma,,N/A,,130,10,2003-03-20,2003-03-20,2005-03-29,2005-07-07,2005-08-21,True,2005-10-21,2006-04-10,2005-08-21,True,2006-11-08,2006-11-08,2007-03-08,,,False,,True,True,True
74,802.11n-2009,High Throughput,A,http://standards.ieee.org/board/nes/projects/802-11n.pdf,TGn,http://grouper.ieee.org/groups/802/11/Reports/tgn_update.htm,,,59,3,2003-09-11,2007-09-27,2006-03-19,2007-10-07,2008-12-11,True,2008-12-11,2009-03-06,2008-12-11,True,,,2009-09-11,,,False,,True,True,True
40,802.11s-xxxx,Mesh Networking,A,http://standards.ieee.org/board/nes/projects/802-11s.pdf,TGs,http://grouper.ieee.org/groups/802/11/Reports/tgs_update.htm,Frame/PDF,7.00,38,1,2004-05-13,2010-12-31,2006-12-07,2009-12-09,2010-09-12,True,2010-10-02,2010-12-15,2010-09-29,True,2011-03-01,2011-03-01,2011-06-01,,,False,,False,False,False
117,802.11p-2010,Wireless Access for the Vehicular Environment,A,http://standards.ieee.org/board/nes/projects/802-11p.pdf,TGp,http://grouper.ieee.org/groups/802/11/Reports/tgp_update.htm,N/A,,59,6,2004-09-23,,2006-03-02,2008-05-12,2009-06-01,True,2009-10-23,2010-02-01,2008-06-19,True,,,2010-07-15,,,False,,True,True,True
64,802.11u-xxxx,InterWorking with External Networks,A,http://standards.ieee.org/board/nes/projects/802-11u.pdf,TGu,http://grouper.ieee.org/groups/802/11/Reports/tgu_update.htm,Frame/PDF,12.00,59,9,2004-12-08,2010-12-31,2007-06-08,2008-09-23,2009-06-01,True,2009-11-07,2010-04-08,2009-07-12,True,2010-07-01,2010-07-01,2010-12-01,,,False,02/05/2008,False,False,False
71,802.11v-xxxx,Wireless Network Management,A,http://standards.ieee.org/board/nes/projects/802-11v.pdf,TGv,http://grouper.ieee.org/groups/802/11/Reports/tgv_update.htm,Frame/PDF,15.00,59,8,2004-12-08,2010-12-31,2007-07-31,2009-04-04,2009-06-01,True,2009-11-07,2010-01-29,2009-07-12,True,2010-11-01,2010-11-01,2010-12-01,,,False,,False,False,False
115,802.11w-2009,Protected Management Frames,A,http://standards.ieee.org/board/nes/projects/802-11w.pdf,TGw,http://grouper.ieee.org/groups/802/11/Reports/tgw_update.htm,N/A,,59,4,2005-03-20,,2006-10-10,2007-04-18,2007-11-13,True,2008-08-22,2009-01-18,,True,,,2009-09-11,,,False,,True,True,True
38,802.11-xxxx,802.11 Accumulated Maintenance Changes,STD,http://standards.ieee.org/board/nes/projects/802-11mb.pdf,TGmb,http://grouper.ieee.org/groups/802/11/Reports/tgm_update.htm,Frame/PDF,6.00,59,10,2007-03-22,2011-12-31,2009-05-18,2009-12-10,2010-09-14,True,2010-09-21,2010-12-01,2010-09-01,True,2011-11-01,2011-11-01,2011-12-01,,,False,,False,False,False
113,802.11z-2010,Extensions to Direct Link Setup,A,http://standards.ieee.org/board/nes/projects/802-11z.pdf,TGz,http://grouper.ieee.org/groups/802/11/Reports/tgz_update.htm,Word/PDF,13.00,59,7,2007-08-22,,2008-04-03,2009-03-05,2009-06-01,True,2009-11-06,2010-02-12,2009-06-18,True,,,2010-10-01,,,False,,True,True,True
80,802.11aa-xxxx,Video Transport Streams,A,https://development.standards.ieee.org/get-file/P802.11aa.pdf?t=21206700024,TGaa,http://grouper.ieee.org/groups/802/11/Reports/tgaa_update.htm,Word/PDF,1.00,38,4,2008-03-27,,2010-06-10,2010-09-01,2011-03-01,False,2011-07-01,2011-11-01,2011-03-01,False,2011-11-01,2012-01-01,2012-03-01,,,False,,False,False,False
79,802.11ac-xxxx,Very High Throughput 6GHz,A,https://development.standards.ieee.org/get-file/P802.11ac.pdf?t=26465400024,TGac,http://grouper.ieee.org/groups/802/11/Reports/tgac_update.htm,None,,38,5,2008-09-26,,2010-11-01,2011-03-01,2011-09-01,False,2011-12-01,2012-03-01,2011-11-01,False,2012-07-01,2012-07-01,2012-12-01,,,False,,False,False,False
78,802.11ad-xxxx,Very High Throughput 60GHz,A,https://development.standards.ieee.org/get-file/P802.11ad.pdf?t=29195900024,TGad,http://grouper.ieee.org/groups/802/11/Reports/tgad_update.htm,D1.0,,38,6,2008-12-10,,2010-09-24,2011-05-01,2011-09-01,False,2011-12-01,2012-03-01,2011-10-01,False,2012-07-01,2012-07-01,2012-12-01,,,False,,False,False,False
114,802.11y-2008,3650-3700 MHz Operation in USA,A,,TGy,,N/A,,59,3,2008-12-31,,2006-12-08,2007-04-19,2007-06-20,True,2007-12-21,2008-02-27,2007-07-28,True,,,2008-11-06,,,False,,True,True,True
116,802.11r-2008,Fast Roaming,A,,TGr,,N/A,,59,2,2008-12-31,,2005-11-25,2006-03-15,2007-06-16,False,2007-07-31,2007-09-27,2007-04-11,True,,,2008-05-09,,,False,,True,True,True
334,802.11.2,Wireless Performance,RP,,TGt,,,,,0,2008-12-31,,2007-04-16,,,False,,,,False,,,,,,True,,False,False,False
55,802.11ae-xxxx,QoS Manangement,A,http://development.standards.ieee.org/get-file/802-11ae.pdft41492500024,TGae,http://grouper.ieee.org/groups/802/11/Reports/tgae_update.htm,,1.00,38,2,2009-12-09,2010-10-15,2010-09-27,2010-10-15,2011-03-01,False,2010-10-15,2010-10-15,2011-03-01,False,2011-11-01,2011-11-01,2012-03-01,,,False,,False,False,False
77,802.11af-xxxx,TV Whitespace,A,http://development.standards.ieee.org/get-file/802-11af.pdf?t=41492700024,TGaf,http://grouper.ieee.org/groups/802/11/Reports/tgaf_update.htm,,0.05,38,3,2009-12-09,,2010-11-01,2011-01-01,2011-03-01,False,2011-05-01,2011-07-01,2011-03-01,False,2011-11-01,2011-11-01,2011-12-01,,,False,,False,False,False
76,802.11ah-xxxx,Sub 1 GHz,A,http://development.standards.ieee.org/get-file/802-11ah.pdf?t=41492700024,TGah,http://grouper.ieee.org/groups/802/11/Reports/s1g_update.htm,None,,38,7,2010-10-04,,2011-07-01,2011-11-01,2012-05-01,False,2012-07-01,2012-10-01,2012-05-01,False,2013-05-01,2013-05-01,2013-07-01,,,False,,False,False,False

number,project_id,draft,opened,closed,ballot_type,result,pool,vote_for,vote_against,vote_abstain,vote_invalid,comments,instructions_url,draft_url,redline_url,resolution_url,template_url,pool_url,project.task_group
101,334,1.00,2007-04-16,2007-05-16,WI,76,307,163,52,57,,,http://grouper.ieee.org/groups/802/11/LetterBallots/LB101T/Letter-Ballot-101-Instructions.htm,http://grouper.ieee.org/groups/802/11/private/Draft_Standards/11T/Draft-P802.11.2_D1.0.pdf,,,http://www.ieee802.org/11/LetterBallots/LB101T/LB101_CommentForm.xls,http://ieee802.org/11/LetterBallots/LB101T/Voters-List-LB101.xls,TGt
102,115,2.00,2007-04-07,2007-05-02,WR,89,427,227,29,61,,,http://grouper.ieee.org/groups/802/11/LetterBallots/LB102w/Letter%20Ballot%20102%20Instructions.htm,http://grouper.ieee.org/groups/802/11/private/Draft_Standards/11w/Draft%20P802.11w_D2.0.pdf,http://grouper.ieee.org/groups/802/11/private/Draft_Standards/11w/index.html,http://grouper.ieee.org/groups/802/11/private/Draft_Standards/11w/index.html,http://www.ieee802.org/11/LetterBallots/LB102w/LB102_CommentForm.xls,http://ieee802.org/11/LetterBallots/LB102w/Voters-List-LB102.xls,TGw
103,119,7.00,2007-04-18,2007-05-05,WR,92,514,363,29,39,,,http://grouper.ieee.org/groups/802/11/LetterBallots/LB103k/Letter%20Ballot%20103%20Instructions.htm,http://grouper.ieee.org/groups/802/11/private/Draft_Standards/11k/Draft%20P802.11k_D7.0.pdf,http://grouper.ieee.org/groups/802/11/private/Draft_Standards/11k/index.html,http://grouper.ieee.org/groups/802/11/private/Draft_Standards/11k/index.html,http://www.ieee802.org/11/LetterBallots/LB103k/LB103_CommentForm.xls,http://ieee802.org/11/LetterBallots/LB103k/Voters-List-LB103.xls,TGk
104,114,2.00,2007-04-19,2007-05-05,WR,84,347,221,41,62,,,http://grouper.ieee.org/groups/802/11/LetterBallots/LB104y/Letter%20Ballot%20104%20Instructions.htm,http://grouper.ieee.org/groups/802/11/private/Draft_Standards/11y/Draft%20P802.11y_D2.0.pdf,http://grouper.ieee.org/groups/802/11/private/Draft_Standards/11y/index.html,http://grouper.ieee.org/groups/802/11/private/Draft_Standards/11y/index.html,http://www.ieee802.org/11/LetterBallots/LB104y/LB104_CommentForm.xls,http://ieee802.org/11/LetterBallots/LB104y/Voters-List-LB104.xls,TGy
105,116,6.00,2007-05-28,2007-06-13,WR,97,518,360,11,65,,,http://grouper.ieee.org/groups/802/11/LetterBallots/LB105r/Letter%20Ballot%20105%20Instructions.htm,http://grouper.ieee.org/groups/802/11/private/Draft_Standards/11r/Draft%20P802.11r_D6.0.pdf,http://grouper.ieee.org/groups/802/11/private/Draft_Standards/11r/index.html,http://grouper.ieee.org/groups/802/11/private/Draft_Standards/11r/index.html,http://www.ieee802.org/11/LetterBallots/LB105r/LB105_CommentForm.xls,http://ieee802.org/11/LetterBallots/LB105r/Voters-List-LB105.xls,TGr
106,114,3.00,2007-06-05,2007-06-20,WR,91,347,242,24,60,,,http://grouper.ieee.org/groups/802/11/LetterBallots/LB106y/Letter%20Ballot%20106%20Instructions.htm,http://grouper.ieee.org/groups/802/11/private/Draft_Standards/11y/Draft%20P802.11y_D3.0.pdf,http://grouper.ieee.org/groups/802/11/private/Draft_Standards/11y/index.html,http://grouper.ieee.org/groups/802/11/private/Draft_Standards/11y/index.html,http://www.ieee802.org/11/LetterBallots/LB106y/LB106_CommentForm.xls,http://ieee802.org/11/LetterBallots/LB106y/Voters-List-LB106.xls,TGy
107,64,1.00,2007-06-08,2007-07-08,WI,64,299,111,62,48,,,http://grouper.ieee.org/groups/802/11/LetterBallots/LB107u/Letter%20Ballot%20107%20Instructions.htm,http://grouper.ieee.org/groups/802/11/private/Draft_Standards/11u/Draft%20P802.11u_D1.0.pdf,http://grouper.ieee.org/groups/802/11/private/Draft_Standards/11u/index.html,http://grouper.ieee.org/groups/802/11/private/Draft_Standards/11u/index.html,http://www.ieee802.org/11/LetterBallots/LB107u/LB107_CommentForm.xls,http://ieee802.org/11/LetterBallots/LB107u/Voters-List-LB107.xls,TGu
108,71,1.00,2007-07-31,2007-08-30,WI,63,278,132,77,38,,,http://grouper.ieee.org/groups/802/11/LetterBallots/LB108v/Letter%20Ballot%20108%20Instructions.htm,http://grouper.ieee.org/groups/802/11/private/Draft_Standards/11v/Draft%20P802.11v_D1.0.pdf,,,http://www.ieee802.org/11/LetterBallots/LB108v/LB108_CommentForm.xls,http://ieee802.org/11/LetterBallots/LB108v/Voters-List-LB108.xls,TGv
109,114,4.00,2007-08-06,2007-08-21,WR,93,347,250,17,60,,,http://grouper.ieee.org/groups/802/11/LetterBallots/LB109y/Letter%20Ballot%20109%20Instructions.htm,http://grouper.ieee.org/groups/802/11/private/Draft_Standards/11y/Draft%20P802.11y_D4.0.pdf,http://www.ieee802.org/11/private/Draft_Standards/11y/11-07-2268-00-000y-tgy-redline-between%20Draft%204.0%20and%203.0.pdf,http://www.ieee802.org/11/LetterBallots/LB109y/11-07-2019-06-000y-d3-comments.xls,http://www.ieee802.org/11/LetterBallots/LB109y/LB109_CommentForm.xls,http://ieee802.org/11/LetterBallots/LB109y/Voters-List-LB109.xls,TGy
110,117,3.00,2007-08-13,2007-09-12,WI,74,278,143,50,58,,,http://grouper.ieee.org/groups/802/11/LetterBallots/LB110p/Letter%20Ballot%20110%20Instructions.htm,http://grouper.ieee.org/groups/802/11/private/Draft_Standards/11p/Draft%20P802.11p_D3.0.pdf,,,http://www.ieee802.org/11/LetterBallots/LB110p/LB110_CommentForm.xls,http://ieee802.org/11/LetterBallots/LB110p/Voters-List-LB110.xls,TGp
111,119,0.00,2007-08-27,2007-09-11,WI,89,278,196,22,35,,,http://grouper.ieee.org/groups/802/11/LetterBallots/LB111k/Letter%20Ballot%20111%20Instructions.htm,https://mentor.ieee.org/802.11/public/07/11-07-2289-05-000k-tgk-sponsor-ballot-comment-resolutions.xls,,,http://www.ieee802.org/11/LetterBallots/LB111k/LB111_CommentForm.xls,http://ieee802.org/11/LetterBallots/LB111k/Voters-List-LB111.xls,TGk
112,114,5.00,2007-09-28,2007-10-13,WR,95,347,257,11,59,,,http://grouper.ieee.org/groups/802/11/LetterBallots/LB112y/Letter%20Ballot%20112%20Instructions.htm,http://grouper.ieee.org/groups/802/11/private/Draft_Standards/11y/Draft%20P802.11y_D5.0.pdf,http://www.ieee802.org/11/private/Draft_Standards/11y/11-07-2607-00-000y-tgy-redline-between-Draft-5.0-and-4.0.pdf,http://www.ieee802.org/11/LetterBallots/LB112y/11-07-2333-07-000y-d4-comments.xls,http://www.ieee802.org/11/LetterBallots/LB112y/LB112_CommentForm.xls,http://ieee802.org/11/LetterBallots/LB112y/Voters-List-LB112.xls,TGy
114,115,3.00,2007-10-04,2007-10-19,WR,92,427,245,21,59,,,http://grouper.ieee.org/groups/802/11/LetterBallots/LB114w/Letter%20Ballot%20114%20Instructions.htm,http://grouper.ieee.org/groups/802/11/private/Draft_Standards/11w/Draft%20P802.11w_D3.0.pdf,http://grouper.ieee.org/groups/802/11/private/Draft_Standards/11w/11-07-2562-00-000w-D3.0-v-2.0-redline.pdf,http://www.ieee802.org/11/LetterBallots/LB114w/11-07-0714-13-000w-lb-102-comment-resolution-spreadsheet.xls,http://www.ieee802.org/11/LetterBallots/LB114w/LB114_CommentForm.xls,http://ieee802.org/11/LetterBallots/LB114w/Voters-List-LB114.xls,TGw
115,74,3.00,2007-10-07,2007-10-27,WR,84,325,240,43,27,,,http://grouper.ieee.org/groups/802/11/LetterBallots/LB115n/Letter%20Ballot%20115%20Instructions.htm,http://grouper.ieee.org/groups/802/11/private/Draft_Standards/11n/Draft%20P802.11n_D3.0.pdf,http://grouper.ieee.org/groups/802/11/private/Draft_Standards/11n/index.html,http://grouper.ieee.org/groups/802/11/private/Draft_Standards/11n/index.html,http://www.ieee802.org/11/LetterBallots/LB115n/LB115_CommentForm.xls,http://ieee802.org/11/LetterBallots/LB115n/Voters-List-LB115.xls,TGn
116,114,6.00,2007-11-23,2007-12-08,WR,99,347,271,2,54,,,http://grouper.ieee.org/groups/802/11/LetterBallots/LB116y/Letter%20Ballot%20116%20Instructions.htm,http://grouper.ieee.org/groups/802/11/private/Draft_Standards/11y/Draft%20P802.11y_D6.0.pdf,http://grouper.ieee.org/groups/802/11/private/Draft_Standards/11y/11-07-2902-00-000y%20Redlined%20Draft%20P802.11y_D6.0%20Compared%20To%20Draft%20P802.11y_D5.0.pdf,http://grouper.ieee.org/groups/802/11/private/Draft_Standards/11y/11-07-2623-05-000y-d5-comments.xls,http://www.ieee802.org/11/LetterBallots/LB116y/LB116_CommentForm.xls,http://ieee802.org/11/LetterBallots/LB116y/Voters-List-LB116.xls,TGy
117,115,4.00,2007-12-12,2008-01-05,WR,92,427,245,21,60,,,http://grouper.ieee.org/groups/802/11/LetterBallots/LB117w/Letter%20Ballot%20117%20Instructions.htm,http://grouper.ieee.org/groups/802/11/private/Draft_Standards/11w/Draft%20P802.11w_D4.0.pdf,http://grouper.ieee.org/groups/802/11/private/Draft_Standards/11w/11-07-2943-00-000w-Redlined%20document%20D4.0-vs-3.0.pdf,http://grouper.ieee.org/groups/802/11/private/Draft_Standards/11w/11-07-2697-07-000w-lb114-comment-resolutions.xls,http://www.ieee802.org/11/LetterBallots/LB117w/LB117_CommentForm.xls,http://ieee802.org/11/LetterBallots/LB117w/Voters-List-LB117.xls,TGw
118,119,0.00,2007-12-13,2008-01-05,WI,100,299,175,0,20,,,http://grouper.ieee.org/groups/802/11/LetterBallots/LB118k/Letter%20Ballot%20118%20Instructions.htm,http://www.ieee802.org/11/LetterBallots/LB118k/11-07-2959-02-000k-11k-sponsor-ballot-recirc-2-comment-resolutions(1).xls,,,http://www.ieee802.org/11/LetterBallots/LB118k/LB118_CommentForm.xls,http://ieee802.org/11/LetterBallots/LB118k/Voters-List-LB118.xls,TGk
119,64,2.00,2008-01-27,2008-02-11,PROC,92,297,203,16,33,,,http://grouper.ieee.org/groups/802/11/LetterBallots/LB119u/Letter%20Ballot%20119%20Instructions.htm,http://grouper.ieee.org/groups/802/11/private/Draft_Standards/11u/Draft%20P802.11u_D2.0.pdf,http://grouper.ieee.org/groups/802/11/private/Draft_Standards/11u/index.html,http://grouper.ieee.org/groups/802/11/private/Draft_Standards/11u/index.html,http://www.ieee802.org/11/LetterBallots/LB119u/LB119_CommentForm.xls,http://ieee802.org/11/LetterBallots/LB119u/Voters-List-LB119.xls,TGu
120,71,1.04,2008-01-29,2008-02-13,PROC,94,297,213,13,27,,,http://grouper.ieee.org/groups/802/11/LetterBallots/LB120v/Letter%20Ballot%20120%20Instructions.htm,http://grouper.ieee.org/groups/802/11/private/Draft_Standards/11v/Draft%20P802.11v_D1.04.pdf,http://grouper.ieee.org/groups/802/11/private/Draft_Standards/11v/index.html,http://grouper.ieee.org/groups/802/11/private/Draft_Standards/11v/index.html,http://www.ieee802.org/11/LetterBallots/LB120v/LB120_CommentForm.xls,http://ieee802.org/11/LetterBallots/LB120v/Voters-List-LB120.xls,TGv
121,115,5.00,2008-02-05,2008-02-20,WR,94,427,259,14,55,,,http://grouper.ieee.org/groups/802/11/LetterBallots/LB121w/Letter%20Ballot%20121%20Instructions.htm,http://grouper.ieee.org/groups/802/11/private/Draft_Standards/11w/P802.11w_D5.0.pdf,http://grouper.ieee.org/groups/802/11/private/Draft_Standards/11w/index.html,http://grouper.ieee.org/groups/802/11/private/Draft_Standards/11w/index.html,http://www.ieee802.org/11/LetterBallots/LB121w/LB121_CommentForm.xls,http://ieee802.org/11/LetterBallots/LB121w/Voters-List-LB121.xls,TGw
122,64,2.00,2008-02-14,2008-03-15,WI,70,261,125,53,37,,,http://grouper.ieee.org/groups/802/11/LetterBallots/LB122u/LetterBallot122Instructions.htm,http://grouper.ieee.org/groups/802/11/private/Draft_Standards/11u/Draft%20P802.11u_D2.0.pdf,http://grouper.ieee.org/groups/802/11/private/Draft_Standards/11u/index.html,http://grouper.ieee.org/groups/802/11/private/Draft_Standards/11u/index.html,http://www.ieee802.org/11/LetterBallots/LB122u/LB122_CommentForm.xls,http://ieee802.org/11/LetterBallots/LB122u/Voters-List-LB122.xls,TGu
123,71,2.00,2008-02-14,2008-03-15,WI,67,261,126,62,34,,,http://grouper.ieee.org/groups/802/11/LetterBallots/LB123v/LetterBallot123Instructions.htm,http://grouper.ieee.org/groups/802/11/private/Draft_Standards/11v/Draft%20P802.11v_D2.0.pdf,http://grouper.ieee.org/groups/802/11/private/Draft_Standards/11v/index.html,http://grouper.ieee.org/groups/802/11/private/Draft_Standards/11v/index.html,http://www.ieee802.org/11/LetterBallots/LB123v/LB123_CommentForm.xls,http://ieee802.org/11/LetterBallots/LB123v/Voters-List-LB123.xls,TGv
124,74,4.00,2008-03-28,2008-04-12,WR,88,325,253,34,25,,,http://grouper.ieee.org/groups/802/11/LetterBallots/LB124n/LetterBallot124Instructions.htm,http://grouper.ieee.org/groups/802/11/private/Draft_Standards/11n/index.html,http://grouper.ieee.org/groups/802/11/private/Draft_Standards/11n/index.html,https://mentor.ieee.org/802.11/file/07/11-07-2783-08-000n-tgn-lb115-editor-comments.xls,http://www.ieee802.org/11/LetterBallots/LB124n/LB124_CommentForm.xls,http://ieee802.org/11/LetterBallots/LB124n/Voters-List-LB124.xls,TGn
125,117,4.00,2008-04-03,2008-05-03,WI,79,233,136,37,32,,,http://grouper.ieee.org/groups/802/11/LetterBallots/LB125p/LetterBallot125Instructions.htm,private/Draft_Standards/11p/Draft%20P802.11p%20D4.0.pdf,private/Draft_Standards/11p/index.html,private/Draft_Standards/11p/index.html,LetterBallots/LB125p/LB125_CommentForm.xls,LetterBallots/LB125p/Voters-List-LB125.xls,TGp
126,40,2.00,2008-04-03,2008-05-03,WI,61,233,103,67,36,,,LetterBallots/LB126s/LetterBallot126Instructions.htm,private/Draft_Standards/11s/Draft%20P802.11s_D2.0.pdf,,,LetterBallots/LB126s/LB126_CommentForm.xls,LetterBallots/LB126s/Voters-List-LB126.xls,TGs
127,113,1.00,2008-04-03,2008-05-03,WI,64,233,103,59,47,,,LetterBallots/LB127z/LetterBallot127Instructions.htm,private/Draft_Standards/11z/Draft%20P802.11z_D1.0.pdf,,,LetterBallots/LB127z/LB127_CommentForm.xls,LetterBallots/LB127z/Voters-List-LB127.xls,TGz
128,115,6.00,2008-04-03,2008-04-18,WR,97,427,266,8,54,,,LetterBallots/LB128w/LetterBallot128Instructions.htm,private/Draft_Standards/11w/Draft%20P802.11w_D6.0.pdf,private/Draft_Standards/11w/11-08-0448-00-000w-Redlined%20Draft%20P802.11w_D6.0%20Compared%20To%20Draft%20P802.11w_5.0.pdf,private/Draft_Standards/11w/11-08-0261-05-000w-lb121-comment-resolution.xls,LetterBallots/LB128w/LB128_CommentForm.xls,LetterBallots/LB128w/Voters-List-LB128.xls,TGw
129,74,5.00,2008-05-23,2008-06-12,WR,90,325,261,29,23,,,http://www.ieee802.org/11/LetterBallots/LB129n/LB129_instructions.html,http://www.ieee802.org/11/private/Draft_Standards/11n/Draft P802.11n_D5.0.pdf,http://www.ieee802.org/11/private/Draft_Standards/11n/Draft P802.11n_D5.0 Redline.pdf,http://www.ieee802.org/11/private/Draft_Standards/11n/11-08-0460-02-000n-tgn-lb124-composite-comments.xls,http://www.ieee802.org/11/LetterBallots/LB129n/LB129_comment_form.xls,http://www.ieee802.org/11/LetterBallots/LB129n/LB129_voters_list.xls,TGn
130,64,3.00,2008-05-27,2008-06-11,PROC,95,212,159,8,19,,,http://www.ieee802.org/11/LetterBallots/LB130u/LB130_instructions.html,http://www.ieee802.org/11/private/Draft_Standards/11u/Draft P802.11u_D3.0.pdf,http://www.ieee802.org/11/private/Draft_Standards/11u/Draft P802.11u_D3.0 Redline.pdf,,http://www.ieee802.org/11/LetterBallots/LB130u/LB130_comment_form.xls,http://www.ieee802.org/11/LetterBallots/LB130u/LB130_voters_list.xls,TGu
131,71,2.02,2008-05-28,2008-06-12,PROC,93,213,175,14,18,,,http://www.ieee802.org/11/LetterBallots/LB131v/LB131_instructions.html,http://www.ieee802.org/11/private/Draft_Standards/11v/Draft P802.11v_D2.02.pdf,http://www.ieee802.org/11/private/Draft_Standards/11v/Draft P802.11v_D2.02 Redline.pdf,http://www.ieee802.org/11/private/Draft_Standards/11v/11-08-0265-04-000v-lb123-comments.xls,http://www.ieee802.org/11/LetterBallots/LB131v/LB131_comment_form.xls,http://www.ieee802.org/11/LetterBallots/LB131v/LB131_voters_list.xls,TGv
132,64,3.00,2008-06-12,2008-07-12,WI,77,213,113,34,35,,,http://www.ieee802.org/11/LetterBallots/LB132u/LB132_instructions.html,http://www.ieee802.org/11/private/Draft_Standards/11u/Draft P802.11u_D3.0.pdf,http://www.ieee802.org/11/private/Draft_Standards/11u/Draft P802.11u_D3.0 Redline.pdf,,http://www.ieee802.org/11/LetterBallots/LB132u/LB132_comment_form.xls,http://www.ieee802.org/11/LetterBallots/LB132u/LB132_voters_list.xls,TGu
133,71,3.00,2008-06-13,2008-07-13,WI,69,213,106,47,28,,,http://www.ieee802.org/11/LetterBallots/LB133v/LB133_instructions.html,http://www.ieee802.org/11/private/Draft_Standards/11v/Draft P802.11v_D3.0.pdf,http://www.ieee802.org/11/private/Draft_Standards/11v/Draft P802.11v_D3.0 Redline.pdf,http://www.ieee802.org/11/private/Draft_Standards/11v/11-08-0265-04-000v-lb123-comments.xls,http://www.ieee802.org/11/LetterBallots/LB133v/LB133_comment_form.xls,http://www.ieee802.org/11/LetterBallots/LB133v/LB133_voters_list.xls,TGv
134,74,6.00,2008-07-21,2008-08-05,WR,91,325,266,27,21,,,http://www.ieee802.org/11/LetterBallots/LB134n/LB134_instructions.html,http://www.ieee802.org/11/private/Draft_Standards/11n/Draft P802.11n_D6.0.pdf,http://www.ieee802.org/11/private/Draft_Standards/11n/Draft P802.11n_D6.0 Redline.pdf,http://www.ieee802.org/11/private/Draft_Standards/11n/11-08-0713-02-000n-tgn-lb129-composite-comments.xls,http://www.ieee802.org/11/LetterBallots/LB134n/LB134_comment_form.xls,http://www.ieee802.org/11/LetterBallots/LB134n/LB134_voters_list.xls,TGn
135,113,2.00,2008-07-21,2008-08-20,WI,66,242,99,51,48,,,http://www.ieee802.org/11/LetterBallots/LB135z/LB135_instructions.html,http://www.ieee802.org/11/private/Draft_Standards/11z/Draft P802.11z_D2.0.pdf,,,http://www.ieee802.org/11/LetterBallots/LB135z/LB135_comment_form.xls,http://www.ieee802.org/11/LetterBallots/LB135z/LB135_voters_list.xls,TGz
136,74,7.00,2008-09-15,2008-09-30,WR,94,325,276,17,21,,,http://www.ieee802.org/11/LetterBallots/LB136n/LB136_instructions.html,http://www.ieee802.org/11/private/Draft_Standards/11n/Draft P802.11n_D7.0.pdf,http://www.ieee802.org/11/private/Draft_Standards/11n/Draft P802.11n_D7.0 Redline.pdf,http://www.ieee802.org/11/private/Draft_Standards/11n/11-08-0958-02-000n-tgn-lb134-composite-comments.xls,http://www.ieee802.org/11/LetterBallots/LB136n/LB136_comment_form.xls,http://www.ieee802.org/11/LetterBallots/LB136n/LB136_voters_list.xls,TGn
137,64,4.00,2008-09-23,2008-10-08,WR,78,213,118,34,37,,,http://www.ieee802.org/11/LetterBallots/LB137u/LB137_instructions.html,http://www.ieee802.org/11/private/Draft_Standards/11u/Draft P802.11u_D4.0.pdf,http://www.ieee802.org/11/private/Draft_Standards/11u/Draft P802.11u_D4.0 Redline.pdf,http://www.ieee802.org/11/private/Draft_Standards/11u/11-08-0722-27-000u-lb-132-comment-spreadsheet.xls,http://www.ieee802.org/11/LetterBallots/LB137u/LB137_comment_form.xls,http://www.ieee802.org/11/LetterBallots/LB137u/LB137_voters_list.xls,TGu
138,74,7.00,2008-11-17,2008-12-02,WR,95,325,281,14,20,,,http://www.ieee802.org/11/LetterBallots/LB138n/LB138_instructions.html,http://www.ieee802.org/11/private/Draft_Standards/11n/Draft P802.11n_D7.0.pdf,,http://www.ieee802.org/11/private/Draft_Standards/11n/11-08-1417-00-000n-p802-11n-wg-ballot-unsatisfied-comments.xls,http://www.ieee802.org/11/LetterBallots/LB138n/LB138_comment_form.xls,http://www.ieee802.org/11/LetterBallots/LB138n/LB138_voters_list.xls,TGn
139,113,3.00,2008-11-18,2008-12-18,WI,84,254,155,29,41,,,http://www.ieee802.org/11/LetterBallots/LB139z/LB139_instructions.html,http://www.ieee802.org/11/private/Draft_Standards/11z/Draft P802.11z_D3.0.pdf,,,http://www.ieee802.org/11/LetterBallots/LB139z/LB139_comment_form.xls,http://www.ieee802.org/11/LetterBallots/LB139z/LB139_voters_list.xls,TGz
140,71,4.00,2008-11-19,2008-12-19,WI,81,254,149,36,40,,,http://www.ieee802.org/11/LetterBallots/LB140v/LB140_instructions.html,http://www.ieee802.org/11/private/Draft_Standards/11v/Draft P802.11v_D4.0.pdf,http://www.ieee802.org/11/private/Draft_Standards/11v/Draft P802.11v_D4.0 Redline.pdf,http://www.ieee802.org/11/private/Draft_Standards/11v/11-08-0801-05-000v-lb133-comments.xls,http://www.ieee802.org/11/LetterBallots/LB140v/LB140_comment_form.xls,http://www.ieee802.org/11/LetterBallots/LB140v/LB140_voters_list.xls,TGv
141,117,5.00,2008-11-20,2008-12-05,WR,85,232,149,26,35,,,http://www.ieee802.org/11/LetterBallots/LB141p/LB141_instructions.html,http://www.ieee802.org/11/private/Draft_Standards/11p/Draft P802.11p_D5.0.pdf,http://www.ieee802.org/11/private/Draft_Standards/11p/Draft P802.11p_D5.0 Redline Compared to P802.11p_D4.0.pdf,http://www.ieee802.org/11/private/Draft_Standards/11p/11-08-0514-06-000p-lb125-tgp-comment-resolution-master.xls,http://www.ieee802.org/11/LetterBallots/LB141p/LB141_comment_form.xls,http://www.ieee802.org/11/LetterBallots/LB141p/LB141_voters_list.xls,TGp
142,64,5.00,2009-02-05,2009-02-20,WR,82,213,125,27,39,,,http://www.ieee802.org/11/LetterBallots/LB142u/LB142_instructions.html,http://www.ieee802.org/11/private/Draft_Standards/11u/Draft P802.11u_D5.0.pdf,http://www.ieee802.org/11/private/Draft_Standards/11u/Draft P802.11u_D5.0 Redline.pdf,http://www.ieee802.org/11/private/Draft_Standards/11u/11-08-1225-25-000u-lb137-comment-spreadsheet.xls,http://www.ieee802.org/11/LetterBallots/LB142u/LB142_comment_form.xls,http://www.ieee802.org/11/LetterBallots/LB142u/LB142_voters_list.xls,TGu
143,113,4.00,2009-02-18,2009-03-05,WR,88,254,170,23,37,,,http://www.ieee802.org/11/LetterBallots/LB143z/LB143_instructions.html,http://www.ieee802.org/11/private/Draft_Standards/11z/Draft P802.11z_D4.0.pdf,http://www.ieee802.org/11/private/Draft_Standards/11z/Draft P802.11z_D4.0 Redline.pdf,http://www.ieee802.org/11/private/Draft_Standards/11z/11-09-0097-02-000z-lb139-comment-resolution.xls,http://www.ieee802.org/11/LetterBallots/LB143z/LB143_comment_form.xls,http://www.ieee802.org/11/LetterBallots/LB143z/LB143_voters_list.xls,TGz
144,117,6.00,2009-03-16,2009-03-31,WR,89,232,161,20,29,,,http://www.ieee802.org/11/LetterBallots/LB144p/LB144_instructions.html,http://www.ieee802.org/11/private/Draft_Standards/11p/Draft P802.11p_D6.0.pdf,http://www.ieee802.org/11/private/Draft_Standards/11p/Draft P802.11p_6.0 Redline.pdf,http://www.ieee802.org/11/private/Draft_Standards/11p/11-08-1452-06-000p-lb141-tgp-comment-resolution-master.xls,http://www.ieee802.org/11/LetterBallots/LB144p/LB144_comment_form.xls,http://www.ieee802.org/11/LetterBallots/LB144p/LB144_voters_list.xls,TGp
145,40,3.00,2009-03-19,2009-04-03,PROC,97,247,166,6,24,,,http://www.ieee802.org/11/LetterBallots/LB145s/LB145_instructions.html,http://www.ieee802.org/11/private/Draft_Standards/11s/Draft P802.11s_D3.0.pdf,,,http://www.ieee802.org/11/LetterBallots/LB145s/LB145_comment_form.xls,http://www.ieee802.org/11/LetterBallots/LB145s/LB145_voters_list.xls,TGs
146,71,5.00,2009-03-20,2009-04-04,WR,83,254,155,32,41,,,http://www.ieee802.org/11/LetterBallots/LB146v/LB146_instructions.html,http://www.ieee802.org/11/private/Draft_Standards/11v/Draft P802.11v_D5.0.pdf,http://www.ieee802.org/11/private/Draft_Standards/11v/Draft P802.11v_D5.0 Redline Compared to P802.11v_D4.0.pdf,http://www.ieee802.org/11/private/Draft_Standards/11v/11-08-1467-04-000v-lb140-comments.xls,http://www.ieee802.org/11/LetterBallots/LB146v/LB146_comment_form.xls,http://www.ieee802.org/11/LetterBallots/LB146v/LB146_voters_list.xls,TGv
147,40,3.00,2009-04-04,2009-05-04,WI,79,248,132,35,34,,,http://www.ieee802.org/11/LetterBallots/LB147s/LB147_instructions.html,http://www.ieee802.org/11/private/Draft_Standards/11s/Draft P802.11s_D3.0.pdf,,,http://www.ieee802.org/11/LetterBallots/LB147s/LB147_comment_form.xls,http://www.ieee802.org/11/LetterBallots/LB147s/LB147_voters_list.xls,TGs
148,64,6.00,2009-04-09,2009-04-24,WR,90,213,142,15,35,,,http://www.ieee802.org/11/LetterBallots/LB148u/LB148_instructions.html,http://www.ieee802.org/11/private/Draft_Standards/11u/Draft P802.11u_D6.0.pdf,http://www.ieee802.org/11/private/Draft_Standards/11u/Draft P802.11u_D6.0 Redline.pdf,http://www.ieee802.org/11/private/Draft_Standards/11u/11-09-0245-10-000u-lb142-comment-spreadsheet.xls,http://www.ieee802.org/11/LetterBallots/LB148u/LB148_comment_form.xls,http://www.ieee802.org/11/LetterBallots/LB148u/LB148_voters_list.xls,TGu
149,38,1.00,2009-05-18,2009-06-27,WI,87,246,155,23,29,,,http://www.ieee802.org/11/LetterBallots/LB149mb/LB149_instructions.html,http://www.ieee802.org/11/private/Draft_Standards/11mb/Draft P802.11REVmb_D1.0.pdf,,,http://www.ieee802.org/11/LetterBallots/LB149mb/LB149_comment_form.xls,http://www.ieee802.org/11/LetterBallots/LB149mb/LB149_voters_list.xls,TGmb
150,71,6.00,2009-05-28,2009-06-12,WR,90,254,172,20,38,,,http://www.ieee802.org/11/LetterBallots/LB150v/LB150_instructions.html,http://www.ieee802.org/11/private/Draft_Standards/11v/Draft P802.11v_D6.0.pdf,http://www.ieee802.org/11/private/Draft_Standards/11v/Draft P802.11v_D6.0 Redline Compared to P802.11v_D5.0.pdf,http://www.ieee802.org/11/private/Draft_Standards/11v/11-09-0434-04-000v-lb146.xls,http://www.ieee802.org/11/LetterBallots/LB150v/LB150_comment_form.xls,http://www.ieee802.org/11/LetterBallots/LB150v/LB150_voters_list.xls,TGv
151,117,7.00,2009-05-29,2009-06-13,WR,85,232,158,27,26,,,http://www.ieee802.org/11/LetterBallots/LB151p/LB151_instructions.html,http://www.ieee802.org/11/private/Draft_Standards/11p/Draft P802.11p_D7.0.pdf,http://www.ieee802.org/11/private/Draft_Standards/11p/Draft P802.11p_D7.0 Redline.pdf,http://www.ieee802.org/11/private/Draft_Standards/11p/11-09-0432-05-000p-lb144-tgp-comment-resolution-master.xls,http://www.ieee802.org/11/LetterBallots/LB151p/LB151_comment_form.xls,http://www.ieee802.org/11/LetterBallots/LB151p/LB151_voters_list.xls,TGp
152,64,7.00,2009-06-04,2009-06-19,WR,88,213,142,19,33,,,http://www.ieee802.org/11/LetterBallots/LB152u/LB152_instructions.html,http://www.ieee802.org/11/private/Draft_Standards/11u/Draft P802.11u_D7.0.pdf,http://www.ieee802.org/11/private/Draft_Standards/11u/Draft P802.11u_D7.0 Redline.pdf,http://www.ieee802.org/11/private/Draft_Standards/11u/11-09-0489-13-000u-lb148-comment-spreadsheet.xls,http://www.ieee802.org/11/LetterBallots/LB152u/LB152_comment_form.xls,http://www.ieee802.org/11/LetterBallots/LB152u/LB152_voters_list.xls,TGu
153,113,5.00,2009-06-08,2009-06-23,WR,92,254,183,15,34,,,http://www.ieee802.org/11/LetterBallots/LB153z/LB153_instructions.html,http://www.ieee802.org/11/private/Draft_Standards/11z/Draft P802.11z_D5.0.pdf,http://www.ieee802.org/11/private/Draft_Standards/11z/Draft P802.11z_D5.0 Redline.pdf,http://www.ieee802.org/11/private/Draft_Standards/11z/11-09-0313-03-000z-tgz-lb143-comment-spreadsheet.xls,http://www.ieee802.org/11/LetterBallots/LB153z/LB153_comment_form.xls,http://www.ieee802.org/11/LetterBallots/LB153z/LB153_voters_list.xls,TGz
154,117,8.00,2009-07-21,2009-08-05,WR,89,232,163,20,28,,,http://www.ieee802.org/11/LetterBallots/LB154p/LB154_instructions.html,http://www.ieee802.org/11/private/Draft_Standards/11p/Draft P802.11p_D8.0.pdf,http://www.ieee802.org/11/private/Draft_Standards/11p/Draft P802.11p_D8.0 Redline.pdf,http://www.ieee802.org/11/private/Draft_Standards/11p/11-09-0688-03-000p-LB151-TGp Comment Resolution Master2.xls,http://www.ieee802.org/11/LetterBallots/LB154p/LB154_comment_form.xls,http://www.ieee802.org/11/LetterBallots/LB154p/LB154_voters_list.xls,TGp
155,71,7.00,2009-07-23,2009-08-07,WR,92,254,176,16,38,,,http://www.ieee802.org/11/LetterBallots/LB155v/LB155_instructions.html,http://www.ieee802.org/11/private/Draft_Standards/11v/Draft P802.11v_D7.0.pdf,http://www.ieee802.org/11/private/Draft_Standards/11v/Draft P802.11v_D7.0 Redline.pdf,http://www.ieee802.org/11/private/Draft_Standards/11v/11-09-0676-07-000v-lb-150-comments.xls,http://www.ieee802.org/11/LetterBallots/LB155v/LB155_comment_form.xls,http://www.ieee802.org/11/LetterBallots/LB155v/LB155_voters_list.xls,TGv
156,64,8.00,2009-08-03,2009-08-18,WR,93,213,148,11,35,,,http://www.ieee802.org/11/LetterBallots/LB156u/LB156_instructions.html,http://www.ieee802.org/11/private/Draft_Standards/11u/Draft P802.11u_D8.0.pdf,http://www.ieee802.org/11/private/Draft_Standards/11u/Draft P802.11u_D8.0 Redline.pdf,http://www.ieee802.org/11/private/Draft_Standards/11u/11-09-0692-14-000u-lb152-comment-spreadsheet.xls,http://www.ieee802.org/11/LetterBallots/LB156u/LB156_comment_form.xls,http://www.ieee802.org/11/LetterBallots/LB156u/LB156_voters_list.xls,TGu
157,113,6.00,2009-08-11,2009-08-26,WR,96,254,187,8,38,,,http://www.ieee802.org/11/LetterBallots/LB157z/LB157_instructions.html,http://www.ieee802.org/11/private/Draft_Standards/11z/Draft P802.11z_D6.0.pdf,http://www.ieee802.org/11/private/Draft_Standards/11z/Draft P802.11z_D6.0 Redline.pdf,http://www.ieee802.org/11/private/Draft_Standards/11z/11-09-0739-04-000z-tgz-lb153-comment-spreadsheet.xls,http://www.ieee802.org/11/LetterBallots/LB157z/LB157_comment_form.xls,http://www.ieee802.org/11/LetterBallots/LB157z/LB157_voters_list.xls,TGz
158,117,9.00,2009-09-25,2009-10-10,WR,93,232,171,12,29,,,http://www.ieee802.org/11/LetterBallots/LB158p/LB158_instructions.html,http://www.ieee802.org/11/private/Draft_Standards/11p/Draft P802.11p_D9.0.pdf,http://www.ieee802.org/11/private/Draft_Standards/11p/Draft P802.11p_D9.0 Redline.pdf,http://www.ieee802.org/11/private/Draft_Standards/11p/11-09-0927-03-000p-lb154-tgp-comment-resolution-master.xls,http://www.ieee802.org/11/LetterBallots/LB158p/LB158_comment_form.xls,http://www.ieee802.org/11/LetterBallots/LB158p/LB158_voters_list.xls,TGp
159,40,4.00,2009-12-09,2010-01-08,WR,85,248,150,27,33,,,http://www.ieee802.org/11/LetterBallots/LB159s/LB159_instructions.html,http://www.ieee802.org/11/private/Draft_Standards/11s/Draft P802.11s_D4.0.pdf,http://www.ieee802.org/11/private/Draft_Standards/11s/Draft P802.11s_D4.0 Redline.pdf,http://www.ieee802.org/11/private/Draft_Standards/11s/11-09-0471-24-000s-lb-147-comment-resolutions.xls,http://www.ieee802.org/11/LetterBallots/LB159s/LB159_comment_form.xls,http://www.ieee802.org/11/LetterBallots/LB159s/LB159_voters_list.xls,TGs
160,38,2.00,2009-12-11,2010-01-08,WR,89,246,166,20,25,,,http://www.ieee802.org/11/LetterBallots/LB160mb/LB160_instructions.html,http://www.ieee802.org/11/private/Draft_Standards/11mb/Draft P802.11REVmb_D2.0.pdf,http://www.ieee802.org/11/private/Draft_Standards/11mb/Draft P802.11REVmb_D2.0 Redline.pdf,http://www.ieee802.org/11/private/Draft_Standards/11mb/11-09-0706-06-000m-revmb-wg-ballot-comments.xls,http://www.ieee802.org/11/LetterBallots/LB160mb/LB160_comment_form.xls,http://www.ieee802.org/11/LetterBallots/LB160mb/LB160_voters_list.xls,TGmb
161,40,5.00,2010-03-31,2010-04-15,WR,89,248,159,19,32,,,http://www.ieee802.org/11/LetterBallots/LB161s/LB161_instructions.html,http://www.ieee802.org/11/private/Draft_Standards/11s/Draft P802.11s_D5.0.pdf,http://www.ieee802.org/11/private/Draft_Standards/11s/Draft P802.11s_D5.0 Redline Compared to P802.11s_D4.0.pdf,http://www.ieee802.org/11/private/Draft_Standards/11s/11-10-0032-13-000s-lb-159-comment-resolutions.xls,http://www.ieee802.org/11/LetterBallots/LB161s/LB161_comment_form.xls,http://www.ieee802.org/11/LetterBallots/LB161s/LB161_voters_list.xls,TGs
162,38,3.00,2010-03-31,2010-04-25,WR,89,246,167,20,25,,,http://www.ieee802.org/11/LetterBallots/LB162mb/LB162_instructions.html,http://www.ieee802.org/11/private/Draft_Standards/11mb/Draft P802.11REVmb_D3.0.pdf,http://www.ieee802.org/11/private/Draft_Standards/11mb/Draft P802.11REVmb_D3.0 Redline.pdf,http://www.ieee802.org/11/private/Draft_Standards/11mb/11-09-0706-10-000m-revmb-wg-ballot-comments.xls,http://www.ieee802.org/11/LetterBallots/LB162mb/LB162_comment_form.xls,http://www.ieee802.org/11/LetterBallots/LB162mb/LB162_voters_list.xls,TGmb
163,38,4.00,2010-06-10,2010-06-25,WR,89,246,164,20,28,,,http://www.ieee802.org/11/LetterBallots/LB163mb/LB163_instructions.html,http://www.ieee802.org/11/private/Draft_Standards/11mb/Draft P802.11REVmb_D4.0.pdf,http://www.ieee802.org/11/private/Draft_Standards/11mb/Draft P802.11REVmb_D4.0 Redline.pdf,http://www.ieee802.org/11/private/Draft_Standards/11mb/11-09-0706-12-000m-revmb-wg-ballot-comments.xls,http://www.ieee802.org/11/LetterBallots/LB163mb/LB163_comment_form.xls,http://www.ieee802.org/11/LetterBallots/LB163mb/LB163_voters_list.xls,TGmb
164,80,1.00,2010-06-10,2010-07-10,WI,78,257,112,31,37,,,http://www.ieee802.org/11/LetterBallots/LB164aa/LB164_instructions.html,http://www.ieee802.org/11/private/Draft_Standards/11aa/Draft P802.11aa_D1.0.pdf,,,http://www.ieee802.org/11/LetterBallots/LB164aa/LB164_comment_form.xls,http://www.ieee802.org/11/LetterBallots/LB164aa/LB164_voters_list.xls,TGaa
165,40,6.00,2010-06-13,2010-06-28,WR,89,248,157,20,33,,,http://www.ieee802.org/11/LetterBallots/LB165s/LB165_instructions.html,http://www.ieee802.org/11/private/Draft_Standards/11s/Draft P802.11s_D6.0.pdf,http://www.ieee802.org/11/private/Draft_Standards/11s/Draft P802.11s_D6.0 Redline Compared to P802.11s_D5.0.pdf,http://www.ieee802.org/11/private/Draft_Standards/11s/11-10-0478-09-000s-lb-161-comment-resolutions.xls,http://www.ieee802.org/11/LetterBallots/LB165s/LB165_comment_form.xls,http://www.ieee802.org/11/LetterBallots/LB165s/LB165_voters_list.xls,TGs
166,40,7.00,2010-07-29,2010-08-13,WR,95,248,167,9,34,,,http://www.ieee802.org/11/LetterBallots/LB166s/LB166_instructions.html,http://www.ieee802.org/11/private/Draft_Standards/11s/Draft P802.11s_D7.0.pdf,http://www.ieee802.org/11/private/Draft_Standards/11s/Draft P802.11s_D7.0 Redline.pdf,http://www.ieee802.org/11/private/Draft_Standards/11s/11-10-0725-09-000s-lb-165-comment-resolutions.xls,http://www.ieee802.org/11/LetterBallots/LB166s/LB166_comment_form.xls,http://www.ieee802.org/11/LetterBallots/LB166s/LB166_voters_list.xls,TGs
167,38,5.00,2010-08-04,2010-08-19,WR,92,246,172,15,25,,,http://www.ieee802.org/11/LetterBallots/LB167mb/LB167_instructions.html,http://www.ieee802.org/11/private/Draft_Standards/11mb/Draft P802.11REVmb_D5.0.pdf,http://www.ieee802.org/11/private/Draft_Standards/11mb/Draft P802.11REVmb_D5.0 Redline.pdf,http://www.ieee802.org/11/private/Draft_Standards/11mb/11-09-0706-15-000m-revmb-wg-ballot-comments.xls,http://www.ieee802.org/11/LetterBallots/LB167mb/LB167_comment_form.xls,http://www.ieee802.org/11/LetterBallots/LB167mb/LB167_voters_list.xls,TGmb
168,78,1.00,2010-09-24,2010-10-24,WI,87,278,163,24,26,,,http://www.ieee802.org/11/LetterBallots/LB168ad/LB168_instructions.html,http://www.ieee802.org/11/private/Draft_Standards/11ad/Draft P802.11ad_D1.0.pdf,,,http://www.ieee802.org/11/LetterBallots/LB168ad/LB168_comment_form.xls,http://www.ieee802.org/11/LetterBallots/LB168ad/LB168_voters_list.xls,TGad
169,55,1.00,2010-09-27,2010-10-27,WI,,278,,,,,,http://www.ieee802.org/11/LetterBallots/LB169ae/LB169_instructions.html,http://www.ieee802.org/11/private/Draft_Standards/11ae/Draft P802.11ae_D1.0.pdf,,,http://www.ieee802.org/11/LetterBallots/LB169ae/LB169_comment_form.xls,http://www.ieee802.org/11/LetterBallots/LB169ae/LB169_voters_list.xls,TGae
10000,71,15.00,2010-10-08,2010-10-18,SR,98,161,141,3,7,0,1355,,,,,,,TGv
10001,71,15.00,2010-09-15,2010-09-30,SR,98,161,140,3,7,0,1361,,,,,,,TGv
10002,71,14.00,2010-08-10,2010-08-25,SR,98,161,140,3,7,0,1099,,,,,,,TGv
10003,64,12.00,2010-09-02,2010-09-12,SR,98,154,127,2,14,0,0,,,,,,,TGu
10004,113,13.00,2010-08-19,2010-08-29,SR,98,144,126,3,8,0,0,,,,,,,TGz
10005,64,11.00,2010-08-03,2010-08-13,SR,96,154,124,5,14,0,18,,,,,,,TGu
10006,113,11.00,2010-07-19,2010-08-04,SR,95,144,123,6,8,0,12,,,,,,,TGz
10007,71,13.00,2010-07-18,2010-07-28,SR,98,161,138,3,7,0,1668,,,,,,,TGv
10008,64,10.00,2010-06-23,2010-07-08,SR,95,154,120,7,14,1,13,,,,,,,TGu
10009,71,12.00,2010-06-22,2010-07-07,SR,94,161,133,8,7,0,1074,,,,,,,TGv
10010,113,9.00,2010-05-26,2010-06-10,SR,95,144,123,6,7,0,12,,,,,,,TGz
10011,71,11.00,2010-05-26,2010-06-10,SR,92,161,130,11,6,0,1087,,,,,,,TGv
10012,113,8.00,2010-04-19,2010-05-04,SR,94,144,121,8,7,0,15,,,,,,,TGz
10013,64,9.00,2010-04-08,2010-04-23,SR,92,154,115,10,13,2,127,,,,,,,TGu
10014,71,10.00,2010-03-29,2010-04-13,SR,87,161,122,18,6,0,1181,,,,,,,TGv
10015,117,11.00,2010-03-23,2010-04-07,SR,99,164,131,1,13,0,0,,,,,,,TGp
10016,113,7.00,2010-02-12,2010-02-27,SR,87,144,105,16,9,0,49,,,,,,,TGz
10017,71,9.00,2010-01-29,2010-02-17,SR,84,161,112,22,6,1,1045,,,,,,,TGv
10018,117,10.00,2010-02-01,2010-02-16,SR,96,164,120,5,14,0,21,,,,,,,TGp
10019,117,9.00,2009-10-23,2009-11-22,SI,93,164,114,8,14,0,156,,,,,,,TGp
10020,113,6.00,2009-10-07,2009-11-07,SI,87,144,103,15,7,0,218,,,,,,,TGz
10021,71,7.00,2009-10-08,2009-11-07,SI,81,161,105,25,6,1,327,,,,,,,TGv
10022,64,8.00,2009-10-08,2009-11-07,SI,90,154,106,12,13,1,307,,,,,,,TGu
10023,74,11.00,2009-06-23,2009-07-03,SR,91,277,198,20,17,3,,,,,,,,TGn
10024,115,11.00,2009-06-18,2009-06-28,SR,95,148,110,6,9,0,,,,,,,,TGw
10025,74,11.00,2009-06-05,2009-06-20,SR,90,277,195,22,17,4,,,,,,,,TGn
10026,115,10.00,2009-05-31,2009-06-14,SR,93,148,107,8,9,0,,,,,,,,TGw
10027,74,10.00,2009-05-15,2009-05-30,SR,88,277,190,26,17,4,,,,,,,,TGn
10028,115,9.00,2009-05-09,2009-05-23,SR,92,148,104,9,10,0,,,,,,,,TGw
10029,74,9.00,2009-03-20,2009-04-04,SR,81,277,171,41,17,4,,,,,,,,TGn
10030,74,8.00,2009-02-19,2009-03-06,SR,80,277,169,42,17,4,,,,,,,,TGn
10031,115,7.00,2009-01-08,2009-01-18,SR,88,148,99,13,9,0,,,,,,,,TGw
10032,74,7.00,2008-12-11,2009-01-10,SI,78,277,158,45,17,4,,,,,,,,TGn
10033,115,6.00,2008-08-22,2008-09-24,SI,85,148,92,15,9,0,,,,,,,,TGw
10034,114,11.00,2008-06-05,2008-06-20,SR,97,128,100,3,5,0,,,,,,,,TGy
10035,114,10.00,2008-04-03,2008-03-18,SR,97,128,98,3,6,0,,,,,,,,TGy
10036,114,9.00,2008-03-12,2008-03-27,SR,95,128,95,4,6,0,,,,,,,,TGy
10037,119,13.00,2008-03-03,2008-03-18,SR,97,135,106,3,6,,,,,,,,,TGk
10038,114,8.00,2008-02-27,2008-03-08,SR,93,128,87,7,4,0,,,,,,,,TGy
10039,119,12.00,2008-02-04,2008-02-14,SR,95,135,105,5,5,0,,,,,,,,TGk
10040,116,9.00,2008-01-22,2008-02-01,SR,97,130,100,3,8,0,,,,,,,,TGr
10041,119,12.00,2008-01-22,2008-02-01,SR,95,135,105,5,5,0,,,,,,,,TGk
10042,116,9.00,2008-01-07,2008-01-17,SR,96,130,95,4,8,0,,,,,,,,TGr
10043,119,11.00,2008-01-07,2008-01-17,SR,95,135,103,5,5,0,,,,,,,,TGk
10044,114,7.00,2007-12-21,2008-01-30,SI,93,128,87,7,4,0,,,,,,,,TGy
10045,119,10.00,2007-11-28,2007-12-08,SR,91,135,96,9,6,0,,,,,,,,TGk
10046,116,8.00,2007-09-27,2007-10-07,SR,90,130,86,10,9,0,,,,,,,,TGr
10047,119,9.00,2007-09-24,2007-10-04,SR,89,135,91,11,5,0,,,,,,,,TGk
10048,116,7.00,2007-07-31,2007-08-30,SI,86,130,79,13,8,0,,,,,,,,TGr
10049,119,8.00,2007-07-11,2007-08-13,SI,90,135,89,10,5,0,,,,,,,,TGk
10050,59,9.00,2006-10-23,2006-11-07,SR,96,145,111,5,6,0,,,,,,,,TGma
10051,59,8.00,2006-08-25,2006-09-09,SR,96,145,111,5,6,0,,,,,,,,TGma
10052,59,7.00,2006-06-21,2006-07-11,SR,91,145,99,10,8,1,,,,,,,,TGma
10053,59,6.00,2006-04-10,2006-05-10,SR,90,145,95,10,9,1,,,,,,,,TGma
10054,59,5.00,2005-10-21,2005-11-20,SI,86,145,86,14,8,1,,,,,,,,TGma
10055,124,13.00,2005-04-01,2005-04-16,SR,99,161,113,1,11,0,,,,,,,,TGe
10056,124,13.00,2005-02-03,2005-02-18,SR,96,161,109,4,12,0,,,,,,,,TGe
10057,124,12.00,2004-12-08,2004-12-23,SR,95,161,107,5,12,0,,,,,,,,TGe
10058,124,11.00,2004-10-27,2004-11-11,SR,95,161,106,5,11,0,,,,,,,,TGe
10059,124,10.00,2004-09-23,2004-10-08,SR,91,161,100,9,12,0,,,,,,,,TGe
10060,124,9.00,2004-08-06,2004-08-31,SR,87,161,95,14,12,0,,,,,,,,TGe
10061,120,1.60,2004-07-30,2004-08-14,SR,96,93,74,3,3,0,,,,,,,,TGj
10062,120,1.50,2004-06-02,2004-07-02,SI,83,93,66,9,3,0,,,,,,,,TGj
10063,124,8.00,2004-04-07,2004-05-30,SI,85,161,91,16,14,0,,,,,,,,TGe
10064,121,10.00,2004-04-23,2004-05-08,SR,97,163,130,3,8,0,,,,,,,,TGi
10065,121,9.00,2004-03-26,2004-04-10,SR,97,163,131,3,7,0,,,,,,,,TGi
10066,121,8.00,2004-02-26,2004-03-12,SR,91,163,122,11,7,0,,,,,,,,TGi
10067,121,7.00,2003-11-20,2003-12-20,SI,89,163,117,15,7,0,,,,,,,,TGi
10068,122,3.11,2003-06-10,2003-06-26,SR,98,75,56,1,3,1,,,,,,,,TGh
10069,123,8.20,2003-04-29,2003-05-14,SR,95,96,64,3,10,0,,,,,,,,TGg
10070,122,3.60,2003-04-15,2003-04-30,SR,96,75,53,2,4,1,,,,,,,,TGh
10071,130,0.00,2003-03-26,2003-04-09,SR,98,92,74,1,4,0,,,,,,,,MAC/PHY
10072,123,7.10,2003-03-25,2003-04-08,SR,85,96,58,10,9,0,,,,,,,,TGg
10073,129,6.00,2003-03-25,2003-04-08,SR,98,73,61,1,2,0,,,,,,,,TGf
10074,123,6.20,2003-02-06,2003-03-09,SI,84,96,54,10,9,1,,,,,,,,TGg
10075,129,5.00,2003-02-07,2003-02-17,SR,96,73,57,2,4,0,,,,,,,,TGf
10076,130,0.00,2003-01-24,2003-02-02,SR,98,92,73,1,4,0,,,,,,,,MAC/PHY
10077,122,3.00,2002-12-12,2003-02-06,SI,92,75,48,4,5,1,,,,,,,,TGh
10078,129,4.10,2002-12-04,2002-12-19,SR,94,73,56,3,3,0,,,,,,,,TGf
10079,130,0.00,2002-11-26,2003-01-07,SI,97,92,69,1,5,1,,,,,,,,MAC/PHY
10080,129,4.00,2002-09-18,2002-10-28,SI,87,73,50,7,2,0,,,,,,,,TGf
10081,125,3.00,2001-04-03,2001-04-13,SR,100,55,42,0,1,0,,,,,,,,TGd
10082,343,1.50,2001-04-03,2001-04-13,SR,97,57,44,1,1,0,,,,,,,,TGb-Cor1
10083,125,2.00,2001-01-31,2001-03-01,SI,92,55,38,3,1,0,,,,,,,,TGd

